{
    "camera_angle_x": 0.6911111611634243,
    "camera_lens": 50,
    "sensor_width": 36,
    "env_texture": "null",
    "bbox_size": [
        0.9999999403953552,
        0.7501656413078308,
        0.19722215831279755
    ],
    "scaling_factor": 0.09068684620582407,
    "mesh_offset": [
        -0.0,
        -0.0,
        0.11011967808008194
    ],
    "transforms": [
        [
            [
                -4.371138828673793e-08,
                -0.42261824011802673,
                0.9063078165054321,
                1.59303879737854
            ],
            [
                1.0,
                -2.7304908556402552e-08,
                3.549769544974879e-08,
                0.0
            ],
            [
                9.744677953449354e-09,
                0.9063078165054321,
                0.42261824011802673,
                0.7428461909294128
            ],
            [
                0.0,
                0.0,
                0.0,
                1.0
            ]
        ],
        [
            [
                -0.7071067690849304,
                -0.45451951026916504,
                0.5416752099990845,
                0.9521154165267944
            ],
            [
                0.7071067690849304,
                -0.45451951026916504,
                0.5416752099990845,
                0.9521154165267944
            ],
            [
                -2.6086576454531496e-08,
                0.7660443782806396,
                0.6427876353263855,
                1.1298431158065796
            ],
            [
                0.0,
                0.0,
                0.0,
                1.0
            ]
        ],
        [
            [
                -1.0,
                1.356221019932491e-07,
                -1.0336380995568106e-07,
                9.75454921109975e-17
            ],
            [
                -1.5099580252808664e-07,
                -0.42261824011802673,
                0.9063078165054321,
                1.59303879737854
            ],
            [
                7.923193123815508e-08,
                0.9063078165054321,
                0.42261824011802673,
                0.7428461909294128
            ],
            [
                0.0,
                0.0,
                0.0,
                1.0
            ]
        ],
        [
            [
                -0.7071067690849304,
                0.45451951026916504,
                -0.5416752099990845,
                -0.9521154165267944
            ],
            [
                -0.7071067690849304,
                -0.45451951026916504,
                0.5416752099990845,
                0.9521154165267944
            ],
            [
                2.6086576454531496e-08,
                0.7660443782806396,
                0.6427876353263855,
                1.1298431158065796
            ],
            [
                0.0,
                0.0,
                0.0,
                1.0
            ]
        ],
        [
            [
                -4.371138828673793e-08,
                0.42261824011802673,
                -0.9063078165054321,
                -1.59303879737854
            ],
            [
                -1.0,
                4.595852587385707e-08,
                6.966099164174011e-08,
                1.95090984221995e-16
            ],
            [
                7.109257893489485e-08,
                0.9063078165054321,
                0.42261824011802673,
                0.7428461909294128
            ],
            [
                0.0,
                0.0,
                0.0,
                1.0
            ]
        ],
        [
            [
                0.7071066498756409,
                0.4545195400714874,
                -0.5416753888130188,
                -0.9521154165267944
            ],
            [
                -0.7071069478988647,
                0.4545193016529083,
                -0.5416752099990845,
                -0.9521154165267944
            ],
            [
                -5.214514686713301e-08,
                0.7660444974899292,
                0.642787516117096,
                1.1298431158065796
            ],
            [
                0.0,
                0.0,
                0.0,
                1.0
            ]
        ],
        [
            [
                1.0,
                7.763368643240473e-17,
                -1.6648603308361704e-16,
                -2.926364630981027e-16
            ],
            [
                -1.8369700141799558e-16,
                0.42261824011802673,
                -0.9063078165054321,
                -1.59303879737854
            ],
            [
                2.4222598872648103e-23,
                0.9063078165054321,
                0.42261824011802673,
                0.7428461909294128
            ],
            [
                0.0,
                0.0,
                0.0,
                1.0
            ]
        ],
        [
            [
                0.7071066498756409,
                -0.4545195400714874,
                0.5416753888130188,
                0.9521154165267944
            ],
            [
                0.7071069478988647,
                0.4545193016529083,
                -0.5416752099990845,
                -0.9521154165267944
            ],
            [
                5.214514686713301e-08,
                0.7660444974899292,
                0.642787516117096,
                1.1298431158065796
            ],
            [
                0.0,
                0.0,
                0.0,
                1.0
            ]
        ],
        [
            [
                -4.371138828673793e-08,
                0.4226183295249939,
                0.9063077569007874,
                1.59303879737854
            ],
            [
                1.0,
                -4.595852232114339e-08,
                6.966099874716747e-08,
                0.0
            ],
            [
                7.109257893489485e-08,
                0.9063077569007874,
                -0.4226183295249939,
                -0.7428461909294128
            ],
            [
                0.0,
                0.0,
                0.0,
                1.0
            ]
        ],
        [
            [
                -0.7071067690849304,
                0.45451951026916504,
                0.5416752099990845,
                0.9521154165267944
            ],
            [
                0.7071067690849304,
                0.45451948046684265,
                0.5416752099990845,
                0.9521154165267944
            ],
            [
                4.555228017011359e-08,
                0.7660444378852844,
                -0.6427876353263855,
                -1.1298431158065796
            ],
            [
                0.0,
                0.0,
                0.0,
                1.0
            ]
        ],
        [
            [
                -1.0,
                1.524629311688841e-07,
                -3.0328692446346395e-08,
                9.75454921109975e-17
            ],
            [
                3.694646721896788e-08,
                0.42261815071105957,
                0.9063078165054321,
                1.59303879737854
            ],
            [
                1.5099580252808664e-07,
                0.9063078165054321,
                -0.42261815071105957,
                -0.7428461909294128
            ],
            [
                0.0,
                0.0,
                0.0,
                1.0
            ]
        ],
        [
            [
                -0.7071067690849304,
                -0.45451951026916504,
                -0.5416752099990845,
                -0.9521154165267944
            ],
            [
                -0.7071067690849304,
                0.45451948046684265,
                0.5416752099990845,
                0.9521154165267944
            ],
            [
                -4.555228017011359e-08,
                0.7660444378852844,
