{
    "camera_angle_x": 0.6911111611634243,
    "camera_lens": 50,
    "sensor_width": 36,
    "env_texture": "null",
    "bbox_size": [
        0.585629940032959,
        1.0,
        0.18406444787979126
    ],
    "scaling_factor": 0.06824697457087903,
    "mesh_offset": [
        -0.000368267297744751,
        0.0006565898656845093,
        0.018906783312559128
    ],
    "transforms": [
        [
            [
                -4.371138828673793e-08,
                -0.42261824011802673,
                0.9063078165054321,
                1.4770163297653198
            ],
            [
                1.0,
                -2.7304908556402552e-08,
                3.549769544974879e-08,
                0.0
            ],
            [
                9.744677953449354e-09,
                0.9063078165054321,
                0.42261824011802673,
                0.6887440085411072
            ],
            [
                0.0,
                0.0,
                0.0,
                1.0
            ]
        ],
        [
            [
                -0.7071067690849304,
                -0.45451951026916504,
                0.5416752099990845,
                0.8827719688415527
            ],
            [
                0.7071067690849304,
                -0.45451951026916504,
                0.5416752099990845,
                0.8827719688415527
            ],
            [
                -2.6086576454531496e-08,
                0.7660443782806396,
                0.6427876353263855,
                1.0475555658340454
            ],
            [
                0.0,
                0.0,
                0.0,
                1.0
            ]
        ],
        [
            [
                -1.0,
                1.356221162041038e-07,
                -1.0336378863939899e-07,
                9.044116208457967e-17
            ],
            [
                -1.5099580252808664e-07,
                -0.4226183593273163,
                0.9063077569007874,
                1.4770163297653198
            ],
            [
                7.92319454490098e-08,
                0.9063077569007874,
                0.4226183593273163,
                0.6887440085411072
            ],
            [
                0.0,
                0.0,
                0.0,
                1.0
            ]
        ],
        [
            [
                -0.7071067690849304,
                0.45451951026916504,
                -0.5416752099990845,
                -0.8827719688415527
            ],
            [
                -0.7071067690849304,
                -0.45451951026916504,
                0.5416752099990845,
                0.8827719688415527
            ],
            [
                2.6086576454531496e-08,
                0.7660443782806396,
                0.6427876353263855,
                1.0475555658340454
            ],
            [
                0.0,
                0.0,
                0.0,
                1.0
            ]
        ],
        [
            [
                -4.371138828673793e-08,
                0.42261824011802673,
                -0.9063078165054321,
                -1.4770163297653198
            ],
            [
                -1.0,
                4.595852587385707e-08,
                6.966099164174011e-08,
                1.8088232416915934e-16
            ],
            [
                7.109257893489485e-08,
                0.9063078165054321,
                0.42261824011802673,
                0.6887440085411072
            ],
            [
                0.0,
                0.0,
                0.0,
                1.0
            ]
        ],
        [
            [
                0.7071066498756409,
                0.4545195400714874,
                -0.541675329208374,
                -0.8827719688415527
            ],
            [
                -0.7071069478988647,
                0.45451927185058594,
                -0.5416752099990845,
                -0.8827719688415527
            ],
            [
                -7.709920879506171e-08,
                0.7660444974899292,
                0.642787516117096,
                1.0475555658340454
            ],
            [
                0.0,
                0.0,
                0.0,
                1.0
            ]
        ],
        [
            [
                1.0,
                7.763371290218433e-17,
                -1.6648603308361704e-16,
                -2.713234994886288e-16
            ],
            [
                -1.8369701465288538e-16,
                0.42261824011802673,
                -0.9063078165054321,
                -1.4770163297653198
            ],
            [
                -1.1617964758860556e-24,
                0.9063078165054321,
                0.42261824011802673,
                0.6887440085411072
            ],
            [
                0.0,
                0.0,
                0.0,
                1.0
            ]
        ],
        [
            [
                0.7071066498756409,
                -0.4545195400714874,
                0.541675329208374,
                0.8827719688415527
            ],
            [
                0.7071069478988647,
                0.45451927185058594,
                -0.5416752099990845,
                -0.8827719688415527
            ],
            [
                7.709920879506171e-08,
                0.7660444974899292,
                0.642787516117096,
                1.0475555658340454
            ],
            [
                0.0,
                0.0,
                0.0,
                1.0
            ]
        ],
        [
            [
                -4.371138828673793e-08,
                0.4226183295249939,
                0.9063077569007874,
                1.4770163297653198
            ],
            [
                1.0,
                -4.595852232114339e-08,
                6.966099874716747e-08,
                0.0
            ],
            [
                7.109257893489485e-08,
                0.9063077569007874,
                -0.4226183295249939,
                -0.6887440085411072
            ],
            [
                0.0,
                0.0,
                0.0,
                1.0
            ]
        ],
        [
            [
                -0.7071067690849304,
                0.45451951026916504,
                0.5416752099990845,
                0.8827719688415527
            ],
            [
                0.7071067690849304,
                0.45451948046684265,
                0.5416752099990845,
                0.8827719688415527
            ],
            [
                4.555228017011359e-08,
                0.7660444378852844,
                -0.6427876353263855,
                -1.0475555658340454
            ],
            [
                0.0,
                0.0,
                0.0,
                1.0
            ]
        ],
        [
            [
                -1.0,
                1.5246291695802938e-07,
                -3.032869955177375e-08,
                9.044116208457967e-17
            ],
            [
                3.6946456560826846e-08,
                0.42261815071105957,
                0.9063078165054321,
                1.4770163297653198
            ],
            [
                1.5099580252808664e-07,
                0.9063078165054321,
                -0.42261815071105957,
                -0.6887440085411072
            ],
            [
                0.0,
                0.0,
                0.0,
                1.0
            ]
        ],
        [
            [
                -0.7071067690849304,
                -0.45451951026916504,
                -0.5416752099990845,
                -0.8827719688415527
            ],
            [
                -0.7071067690849304,
                0.45451948046684265,
                0.5416752099990845,
                0.8827719688415527
            ],
            [
                -4.555228017011359e-08,
